{
"Changes": [
	
//-------------------------
// D I S P O S I T I O N S 
//-------------------------

	{
		"LogName": "NPC Dispositions",
		"Action": "EditData",
		"Target": "Data/NPCDispositions",
		"Entries": {

			//Children
			"Jack": "child/polite/outgoing/positive/male/non-datable/null/Town///Custom_FDO_OrphanageLobby 15 18/Jack",
			"Jill": "child/polite/outgoing/positive/female/non-datable/null/Town///Custom_FDO_OrphanageLobby 15 18/Jill",

			//Baba the Hag
			"Baba": "adult/polite/outgoing/positive/female/non-datable/null/Town///Custom_FDO_OrphanageLobby 51 7/Baba",
		
		},
	},

	{
		"LogName": "NPC Dispositions",
		"Action": "EditData",
		"Target": "Data/NPCDispositions",
       	"When": { "FarmhouseUpgrade": "1, 2, 3" },		
		"Entries": {

			//Children
			"Jack": "child/polite/outgoing/positive/male/non-datable/null/Town/winter 11//Custom_AFM_AndrewRoom 2 4/Jack",
			"Jill": "child/polite/outgoing/positive/female/non-datable/null/Town/winter 11//Custom_AFM_AndrewRoom 2 4/Jill",		
		},
	},
//------------------------
// G I F T S              
//------------------------

	{
		"LogName": "Gift tastes",
		"Action": "EditData",
		"Target": "Data/NPCGiftTastes",
		"Entries": {
		
			"Jack": "Love it!/236 278 86 20/Like it!/380 396 348 252/Don't like it!//Hate it!//I feel neutral!/-4/ ",
			"Jill": "Love it!/236 278 86 20/Like it!/380 396 348 252/Don't like it!//Hate it!//I feel neutral!/-4/ ",			
			"Baba": "Love it!/236 278 86 20/Like it!/380 396 348 252/Don't like it!//Hate it!//I feel neutral!/-4/ ",

		},
	},

//------------------------
// P O R T R A I T S      
//------------------------

 
	{
		"LogName": "Portraits",
		"Action": "Load",
		"Target": "Portraits/Jack, Portraits/Jill, Portraits/Baba",
		"FromFile": "Assets/Portraits/{{TargetWithoutPath}}.png"
	},
	
	{
		"LogName": "Beach Portraits",
		"Action": "Load",
		"Target": "Portraits/Jack_Beach, Portraits/Jill_Beach, Portraits/Baba_Beach",
		"FromFile": "Assets/BeachPortraits/{{TargetWithoutPath}}.png"
	},
	

//------------------------
// S P R I T E S          
//------------------------

	{
		"LogName": "Sprites",
		"Action": "Load",
		"Target": "Characters/Jack, Characters/Jill, Characters/Baba",
		"FromFile": "Assets/{{Target}}.png"
	},
	
	{
		"LogName": "Beach Sprites",
		"Action": "Load",
		"Target": "Characters/Jack_Beach, Characters/Jill_Beach, Characters/Baba_Beach",
		"FromFile": "Assets/BeachCharacters/{{TargetWithoutPath}}.png"
	},
	

//------------------------
// D I A L O G U E S      
//------------------------

	{
		"LogName": "Dialogue",
		"Action": "Load",
		"Target": "Characters/Dialogue/Jack, Characters/Dialogue/Jill, Characters/Dialogue/Baba",
		"FromFile": "Assets/Dialogue/{{TargetWithoutPath}}.json",
	},
	
//------------------------
// S C H E D U L E S      
//------------------------

//Schedules
	{
		"LogName": "Schedules",
		"Action": "Load",
		"Target": "Characters/Schedules/Jack, Characters/Schedules/Jill, Characters/Schedules/Baba",
		"FromFile": "Assets/Schedules/{{TargetWithoutPath}}.json",
	},


]
}
